decision,mean_confidence,std_confidence,n
Commercial,6.732558139534884,2.2145211597923966,86
Medevac,8.61780104712042,2.131344369961673,191
Remain,7.186991869918699,2.132302663196372,123
